{"eta_seconds": 4281.146333421993, "fast_rcnn/cls_accuracy": 0.0078125, "fast_rcnn/false_negative": 0.0, "fast_rcnn/fg_cls_accuracy": 0.052307692307692305, "iteration": 5, "roi_head/num_bg_samples": 112.6, "roi_head/num_fg_samples": 15.399999999999999, "rpn/num_neg_anchors": 164.8, "rpn/num_pos_anchors": 91.2}
{"data_time": 0.09340020299998741, "iteration": 4, "loss_box_reg": 0.36916086077690125, "loss_cls": 2.4934563636779785, "loss_rpn_cls": 4.409521579742432, "loss_rpn_loc": 0.6348180174827576, "lr": 4.996000000000001e-06, "time": 4.306988262999994, "total_loss": 7.942952334880829}
{"fast_rcnn/cls_accuracy": 0.0703125, "fast_rcnn/false_negative": 0.16587291640556462, "fast_rcnn/fg_cls_accuracy": 0.0783932823662113, "iteration": 1, "roi_head/num_bg_samples": 110.0, "roi_head/num_fg_samples": 18.0, "rpn/num_neg_anchors": 173.5, "rpn/num_pos_anchors": 82.5}
{"data_time": 0.4247293280000122, "iteration": 0, "loss_box_reg": 0.41082334518432617, "loss_cls": 2.270939826965332, "loss_rpn_cls": 3.2715821266174316, "loss_rpn_loc": 0.5369858741760254, "lr": 1e-06, "total_loss": 6.490331172943115}
{"data_time": 0.08453805600015585, "eta_seconds": 0.0, "fast_rcnn/cls_accuracy": 0.4, "fast_rcnn/false_negative": 0.6290322580645161, "fast_rcnn/fg_cls_accuracy": 0.0, "iteration": 4, "loss_box_reg": 0.19300134479999542, "loss_cls": 2.1306159496307373, "loss_rpn_cls": 5.408255577087402, "loss_rpn_loc": 0.5878349542617798, "lr": 4.996000000000001e-06, "roi_head/num_bg_samples": 117.8, "roi_head/num_fg_samples": 10.2, "rpn/num_neg_anchors": 130.8, "rpn/num_pos_anchors": 125.2, "time": 2.381074172999888, "total_loss": 8.40845850855112}
{"data_time": 0.09232894750005016, "eta_seconds": 699.6909161199846, "fast_rcnn/cls_accuracy": 0.05, "fast_rcnn/false_negative": 0.03007688828584351, "fast_rcnn/fg_cls_accuracy": 0.09023066485753053, "iteration": 19, "loss_box_reg": 0.4951786398887634, "loss_cls": 2.3960978984832764, "loss_rpn_cls": 3.175063133239746, "loss_rpn_loc": 0.5653586685657501, "lr": 1.9981e-05, "roi_head/num_bg_samples": 107.69999999999999, "roi_head/num_fg_samples": 20.299999999999997, "rpn/num_neg_anchors": 128.0, "rpn/num_pos_anchors": 128.0, "time": 2.498896128999945, "total_loss": 6.592623248696327}
{"data_time": 0.07464505900009044, "fast_rcnn/cls_accuracy": 0.76171875, "fast_rcnn/false_negative": 0.6712121212121211, "fast_rcnn/fg_cls_accuracy": 0.020761904761904763, "iteration": 33, "loss_box_reg": 0.574744313955307, "loss_cls": 2.000980854034424, "loss_rpn_cls": 1.2674494981765747, "loss_rpn_loc": 0.6480936110019684, "lr": 3.3967e-05, "roi_head/num_bg_samples": 105.7, "roi_head/num_fg_samples": 22.3, "rpn/num_neg_anchors": 128.0, "rpn/num_pos_anchors": 128.0, "time": 2.564177521500028, "total_loss": 4.604385659098625}
{"eta_seconds": 669.1108626475119, "iteration": 34}
{"data_time": 0.142119250000178, "fast_rcnn/cls_accuracy": 0.021875, "fast_rcnn/false_negative": 0.0, "fast_rcnn/fg_cls_accuracy": 0.12173913043478261, "iteration": 2, "loss_box_reg": 0.4845634996891022, "loss_cls": 2.505016803741455, "loss_rpn_cls": 4.074498176574707, "loss_rpn_loc": 0.696576714515686, "lr": 2.998e-06, "roi_head/num_bg_samples": 105.4, "roi_head/num_fg_samples": 22.6, "rpn/num_neg_anchors": 152.4, "rpn/num_pos_anchors": 103.6, "time": 3.824884181000016, "total_loss": 7.8647549748420715}
{"eta_seconds": 1132.1657175760047, "iteration": 3}
{"data_time": 0.08215828700008387, "eta_seconds": 686.3621304400203, "fast_rcnn/cls_accuracy": 0.36640625000000004, "fast_rcnn/false_negative": 0.19978957212999765, "fast_rcnn/fg_cls_accuracy": 0.01985062893081761, "iteration": 19, "loss_box_reg": 0.42400534451007843, "loss_cls": 2.013666868209839, "loss_rpn_cls": 3.3586833477020264, "loss_rpn_loc": 0.6570762097835541, "lr": 1.9981e-05, "roi_head/num_bg_samples": 109.5, "roi_head/num_fg_samples": 18.5, "rpn/num_neg_anchors": 128.0, "rpn/num_pos_anchors": 128.0, "time": 2.4512933230000726, "total_loss": 6.459822431206703}
{"data_time": 0.07604861999993773, "eta_seconds": 641.7742501300017, "fast_rcnn/cls_accuracy": 0.80390625, "fast_rcnn/false_negative": 1.0, "fast_rcnn/fg_cls_accuracy": 0.0, "iteration": 39, "loss_box_reg": 0.6818811893463135, "loss_cls": 1.4602214097976685, "loss_rpn_cls": 0.6603036820888519, "loss_rpn_loc": 0.625129222869873, "lr": 3.9961e-05, "roi_head/num_bg_samples": 103.2, "roi_head/num_fg_samples": 24.8, "rpn/num_neg_anchors": 129.8, "rpn/num_pos_anchors": 126.2, "time": 2.4940965255000265, "total_loss": 3.3988534808158875}
{"data_time": 0.07184174200006055, "eta_seconds": 600.0764868000078, "fast_rcnn/cls_accuracy": 0.771875, "fast_rcnn/false_negative": 1.0, "fast_rcnn/fg_cls_accuracy": 0.0, "iteration": 59, "loss_box_reg": 0.8393137454986572, "loss_cls": 0.9975302517414093, "loss_rpn_cls": 0.32631000876426697, "loss_rpn_loc": 0.4399290680885315, "lr": 5.9940999999999994e-05, "roi_head/num_bg_samples": 98.8, "roi_head/num_fg_samples": 29.2, "rpn/num_neg_anchors": 128.0, "rpn/num_pos_anchors": 128.0, "time": 2.5912494744998185, "total_loss": 2.576062686741352}
{"data_time": 0.07004140849994656, "eta_seconds": 559.1387884500091, "fast_rcnn/cls_accuracy": 0.75859375, "fast_rcnn/false_negative": 1.0, "fast_rcnn/fg_cls_accuracy": 0.0, "iteration": 79, "loss_box_reg": 0.8627355396747589, "loss_cls": 0.8006047606468201, "loss_rpn_cls": 0.19130470603704453, "loss_rpn_loc": 0.3778856694698334, "lr": 7.9921e-05, "roi_head/num_bg_samples": 97.1, "roi_head/num_fg_samples": 30.9, "rpn/num_neg_anchors": 128.0, "rpn/num_pos_anchors": 128.0, "time": 2.6631394905000434, "total_loss": 2.229393556714058}
{"data_time": 0.07479748400010067, "eta_seconds": 517.0826619999843, "fast_rcnn/cls_accuracy": 0.796875, "fast_rcnn/false_negative": 0.80625, "fast_rcnn/fg_cls_accuracy": 0.190625, "iteration": 99, "loss_box_reg": 0.8599310219287872, "loss_cls": 0.6977248191833496, "loss_rpn_cls": 0.16207817196846008, "loss_rpn_loc": 0.3506568521261215, "lr": 9.9901e-05, "roi_head/num_bg_samples": 97.0, "roi_head/num_fg_samples": 31.0, "rpn/num_neg_anchors": 128.0, "rpn/num_pos_anchors": 128.0, "time": 2.6637327059997915, "total_loss": 2.089906692504883}
{"data_time": 0.08278767350020644, "eta_seconds": 467.79232373996365, "fast_rcnn/cls_accuracy": 0.8382812500000001, "fast_rcnn/false_negative": 0.5359595070422535, "fast_rcnn/fg_cls_accuracy": 0.41348684210526315, "iteration": 119, "loss_box_reg": 0.8501878678798676, "loss_cls": 0.566320538520813, "loss_rpn_cls": 0.1510886251926422, "loss_rpn_loc": 0.3357793837785721, "lr": 0.000119881, "roi_head/num_bg_samples": 96.30000000000001, "roi_head/num_fg_samples": 31.700000000000003, "rpn/num_neg_anchors": 128.0, "rpn/num_pos_anchors": 128.0, "time": 2.655689179999854, "total_loss": 1.9058136343955994}
{"data_time": 0.08551942899998721, "eta_seconds": 418.5975197600055, "fast_rcnn/cls_accuracy": 0.8375, "fast_rcnn/false_negative": 0.53125, "fast_rcnn/fg_cls_accuracy": 0.421875, "iteration": 139, "loss_box_reg": 0.8253442943096161, "loss_cls": 0.583198219537735, "loss_rpn_cls": 0.1382824406027794, "loss_rpn_loc": 0.3024336099624634, "lr": 0.000139861, "roi_head/num_bg_samples": 96.0, "roi_head/num_fg_samples": 32.0, "rpn/num_neg_anchors": 128.0, "rpn/num_pos_anchors": 128.0, "time": 2.7754511200000707, "total_loss": 1.876003585755825}
{"data_time": 0.08329401500009226, "eta_seconds": 367.407084869983, "fast_rcnn/cls_accuracy": 0.86171875, "fast_rcnn/false_negative": 0.428125, "fast_rcnn/fg_cls_accuracy": 0.503125, "iteration": 159, "loss_box_reg": 0.7506446838378906, "loss_cls": 0.46484796702861786, "loss_rpn_cls": 0.11030814051628113, "loss_rpn_loc": 0.2727132886648178, "lr": 0.000159841, "roi_head/num_bg_samples": 96.0, "roi_head/num_fg_samples": 32.0, "rpn/num_neg_anchors": 128.0, "rpn/num_pos_anchors": 128.0, "time": 2.702461673500011, "total_loss": 1.6606995612382889}
{"data_time": 0.07897168400018018, "eta_seconds": 318.27053514, "fast_rcnn/cls_accuracy": 0.85234375, "fast_rcnn/false_negative": 0.40134228187919463,