{"data_time": 0.08479269299959924, "eta_seconds": 1258.329061395234, "fast_rcnn/cls_accuracy": 0.1078125, "fast_rcnn/false_negative": 0.01655982905982906, "fast_rcnn/fg_cls_accuracy": 0.14654333008763387, "iteration": 19, "loss_box_reg": 0.4878121018409729, "loss_cls": 2.2826343774795532, "loss_rpn_cls": 2.456265449523926, "loss_rpn_loc": 0.4096294045448303, "lr": 1.9981e-05, "roi_head/num_bg_samples": 109.0, "roi_head/num_fg_samples": 19.0, "rpn/num_neg_anchors": 170.6, "rpn/num_pos_anchors": 85.4, "time": 1.9973477165003715, "total_loss": 5.577411264181137}
{"data_time": 0.07205819250020795, "eta_seconds": 1185.5793119249574, "fast_rcnn/cls_accuracy": 0.7671875, "fast_rcnn/false_negative": 0.9148717948717948, "fast_rcnn/fg_cls_accuracy": 0.014716981132075473, "iteration": 39, "loss_box_reg": 0.6782171428203583, "loss_cls": 1.8099029064178467, "loss_rpn_cls": 0.33521655201911926, "loss_rpn_loc": 0.4283125400543213, "lr": 3.996099999999999e-05, "roi_head/num_bg_samples": 102.6, "roi_head/num_fg_samples": 25.4, "rpn/num_neg_anchors": 166.0, "rpn/num_pos_anchors": 90.0, "time": 1.9228250245000709, "total_loss": 3.283295825123787}
{"data_time": 0.06794449949984482, "eta_seconds": 1151.2637871551397, "fast_rcnn/cls_accuracy": 0.78203125, "fast_rcnn/false_negative": 1.0, "fast_rcnn/fg_cls_accuracy": 0.0, "iteration": 59, "loss_box_reg": 0.7487938702106476, "loss_cls": 1.0407218635082245, "loss_rpn_cls": 0.07870214059948921, "loss_rpn_loc": 0.3027190864086151, "lr": 5.9940999999999994e-05, "roi_head/num_bg_samples": 100.1, "roi_head/num_fg_samples": 27.9, "rpn/num_neg_anchors": 165.1, "rpn/num_pos_anchors": 90.9, "time": 1.9563902214995323, "total_loss": 2.1223895996809006}
{"data_time": 0.06918647550037349, "eta_seconds": 1108.2914298148035, "fast_rcnn/cls_accuracy": 0.76640625, "fast_rcnn/false_negative": 1.0, "fast_rcnn/fg_cls_accuracy": 0.0, "iteration": 79, "loss_box_reg": 0.8417537808418274, "loss_cls": 0.8721621930599213, "loss_rpn_cls": 0.06895049661397934, "loss_rpn_loc": 0.2701483815908432, "lr": 7.992100000000001e-05, "roi_head/num_bg_samples": 98.1, "roi_head/num_fg_samples": 29.9, "rpn/num_neg_anchors": 163.9, "rpn/num_pos_anchors": 92.1, "time": 1.899107214999276, "total_loss": 2.033799620345235}
{"data_time": 0.08248481300051935, "eta_seconds": 1075.4373476000637, "fast_rcnn/cls_accuracy": 0.7609375, "fast_rcnn/false_negative": 0.990301724137931, "fast_rcnn/fg_cls_accuracy": 0.00675953414021466, "iteration": 99, "loss_box_reg": 0.8604289591312408, "loss_cls": 0.7844271957874298, "loss_rpn_cls": 0.06446564570069313, "loss_rpn_loc": 0.26371099054813385, "lr": 9.990099999999999e-05, "roi_head/num_bg_samples": 96.0, "roi_head/num_fg_samples": 32.0, "rpn/num_neg_anchors": 165.1, "rpn/num_pos_anchors": 90.9, "time": 2.0333543700003247, "total_loss": 2.005755813792348}
{"data_time": 0.0626479484999436, "eta_seconds": 1028.8351970499252, "fast_rcnn/cls_accuracy": 0.825, "fast_rcnn/false_negative": 0.7258928571428571, "fast_rcnn/fg_cls_accuracy": 0.2298611111111111, "iteration": 119, "loss_box_reg": 0.8203943371772766, "loss_cls": 0.63496994972229, "loss_rpn_cls": 0.04099994897842407, "loss_rpn_loc": 0.25249868631362915, "lr": 0.000119881, "roi_head/num_bg_samples": 97.1, "roi_head/num_fg_samples": 30.9, "rpn/num_neg_anchors": 161.9, "rpn/num_pos_anchors": 94.1, "time": 1.8983604405002552, "total_loss": 1.7685296181589365}
{"data_time": 0.06964018100006797, "eta_seconds": 989.1637552499242, "fast_rcnn/cls_accuracy": 0.8265625, "fast_rcnn/false_negative": 0.578125, "fast_rcnn/fg_cls_accuracy": 0.375, "iteration": 139, "loss_box_reg": 0.8250212371349335, "loss_cls": 0.6179632544517517, "loss_rpn_cls": 0.04433699697256088, "loss_rpn_loc": 0.2283470407128334, "lr": 0.000139861, "roi_head/num_bg_samples": 96.0, "roi_head/num_fg_samples": 32.0, "rpn/num_neg_anchors": 158.5, "rpn/num_pos_anchors": 97.5, "time": 1.8802080440000282, "total_loss": 1.7373498380184174}
{"data_time": 0.07487785650027945, "eta_seconds": 949.3136137800911, "fast_rcnn/cls_accuracy": 0.8460937500000001, "fast_rcnn/false_negative": 0.49252997377294866, "fast_rcnn/fg_cls_accuracy": 0.4421875, "iteration": 159, "loss_box_reg": 0.7758776843547821, "loss_cls": 0.5072288513183594, "loss_rpn_cls": 0.04265458323061466, "loss_rpn_loc": 0.2264048382639885, "lr": 0.000159841, "roi_head/num_bg_samples": 96.3, "roi_head/num_fg_samples": 31.7, "rpn/num_neg_anchors": 164.5, "rpn/num_pos_anchors": 91.5, "time": 1.924838947000353, "total_loss": 1.5674259401857853}
{"data_time": 0.058792873499896814, "eta_seconds": 911.5822842499301, "fast_rcnn/cls_accuracy": 0.83671875, "fast_rcnn/false_negative": 0.49536290322580645, "fast_rcnn/fg_cls_accuracy": 0.38855627779678414, "iteration": 179, "loss_box_reg": 0.7055754959583282, "loss_cls": 0.5211586356163025, "loss_rpn_cls": 0.030317806638777256, "loss_rpn_loc": 0.228659987449646, "lr": 0.00017982099999999998, "roi_head/num_bg_samples": 96.2, "roi_head/num_fg_samples": 31.8, "rpn/num_neg_anchors": 159.4, "rpn/num_pos_anchors": 96.6, "time": 1.9652637435001452, "total_loss": 1.5116761308163404}
{"data_time": 0.08310624200021266, "eta_seconds": 871.8186249000837, "fast_rcnn/cls_accuracy": 0.8546875, "fast_rcnn/false_negative": 0.4550531524028805, "fast_rcnn/fg_cls_accuracy": 0.4820255474452555, "iteration": 199, "loss_box_reg": 0.6684978008270264, "loss_cls": 0.43369071185588837, "loss_rpn_cls": 0.04001960903406143, "loss_rpn_loc": 0.20630352944135666, "lr": 0.00019980100000000002, "roi_head/num_bg_samples": 96.0, "roi_head/num_fg_samples": 32.0, "rpn/num_neg_anchors": 161.0, "rpn/num_pos_anchors": 95.0, "time": 1.9069996245002585, "total_loss": 1.3712371895089746}
{"data_time": 0.07203692249959204, "eta_seconds": 829.6604685000284, "fast_rcnn/cls_accuracy": 0.8671875, "fast_rcnn/false_negative": 0.39937530622244, "fast_rcnn/fg_cls_accuracy": 0.5125801282051282, "iteration": 219, "loss_box_reg": 0.6506588459014893, "loss_cls": 0.4380524456501007, "loss_rpn_cls": 0.02877415530383587, "loss_rpn_loc": 0.23440317064523697, "lr": 0.000219781, "roi_head/num_bg_samples": 96.0, "roi_head/num_fg_samples": 32.0, "rpn/num_neg_anchors": 155.0, "rpn/num_pos_anchors": 101.0, "time": 1.9086655050000445, "total_loss": 1.315320398658514}
{"data_time": 0.058629683500385, "eta_seconds": 789.3029707699725, "fast_rcnn/cls_accuracy": 0.86640625, "fast_rcnn/false_negative": 0.325, "fast_rcnn/fg_cls_accuracy": 0.5207781456953642, "iteration": 239, "loss_box_reg": 0.6202239990234375, "loss_cls": 0.47883908450603485, "loss_rpn_cls": 0.03852291218936443, "loss_rpn_loc": 0.1965421736240387, "lr": 0.000239761, "roi_head/num_bg_samples": 96.0, "roi_head/num_fg_samples": 32.0, "rpn/num_neg_anchors": 170.8, "rpn/num_pos_anchors": 85.2, "time": 1.8493268219999663, "total_loss": 1.3091978039592505}
{"data_time": 0.06978665849965182, "eta_seconds": 750.7016503351724, "fast_rcnn/cls_accuracy": 0.8953125, "fast_rcnn/false_negative": 0.22597517730496453, "fast_rcnn/fg_cls_accuracy": 0.6501192748091603, "iteration": 259, "loss_box_reg": 0.5627995133399963, "loss_cls": 0.36910325288772583, "loss_rpn_cls": 0.02198680955916643, "loss_rpn_loc": 0.19734038412570953, "lr": 0.000259741, "roi_head/num_bg_samples": 96.0, "roi_head/num_fg_samples": 32.0, "rpn/num_neg_anchors": 170.39999999999998, "rpn/num_pos_anchors": 85.6, "time": 1.9064975710002727, "total_loss": 1.1229977123439312}
{"data_time": 0.07359313899996778, "eta_seconds": 710.4408376398987, "fast_rcnn/cls_accuracy": 0.87265625, "fast_rcnn/false_negative": 0.24062499999999998, "fast_rcnn/fg_cls_accuracy": 0.5820157284768213, "iteration": 279, "loss_box_reg": 0.5719046592712402, "loss_cls": 0.429873064160347, "loss_rpn_cls": 0.029549235478043556, "loss_rpn_loc": 0.21196399629116058, "lr": 0.00027972100000000003, "roi_head/num_bg_samples": 96.0, "roi_head/num_fg_samples": 32.0, "rpn/num_neg_anchors": 165.10000000000002, "rpn/num_pos_anchors": 90.9, "time": 1.853870734499651, "total_loss": 1.2404763847589493}
{"data_time": 0.08136836600033348,