{"data_time": 0.07811068600000226, "eta_seconds": 1698.9218362899749, "fast_rcnn/cls_accuracy": 0.06796875, "fast_rcnn/false_negative": 0.049964936886395514, "fast_rcnn/fg_cls_accuracy": 0.04800307219662058, "iteration": 19, "loss_box_reg": 0.48328980803489685, "loss_cls": 2.363219141960144, "loss_rpn_cls": 2.225366473197937, "loss_rpn_loc": 0.426054909825325, "lr": 1.9981e-05, "roi_head/num_bg_samples": 108.6, "roi_head/num_fg_samples": 19.4, "rpn/num_neg_anchors": 171.3, "rpn/num_pos_anchors": 84.7, "time": 1.7335937104999743, "total_loss": 5.429601266980171}
{"data_time": 0.06290047699997103, "eta_seconds": 1706.1588892799955, "fast_rcnn/cls_accuracy": 0.7828125, "fast_rcnn/false_negative": 0.9636858102703567, "fast_rcnn/fg_cls_accuracy": 0.0, "iteration": 39, "loss_box_reg": 0.6876356899738312, "loss_cls": 1.8375319838523865, "loss_rpn_cls": 0.4246377497911453, "loss_rpn_loc": 0.41164761781692505, "lr": 3.9961e-05, "roi_head/num_bg_samples": 102.6, "roi_head/num_fg_samples": 25.4, "rpn/num_neg_anchors": 163.4, "rpn/num_pos_anchors": 92.6, "time": 1.8094673234999732, "total_loss": 3.378151059150696}
{"data_time": 0.07246674749995918, "eta_seconds": 1700.0622502799956, "fast_rcnn/cls_accuracy": 0.778125, "fast_rcnn/false_negative": 1.0, "fast_rcnn/fg_cls_accuracy": 0.0, "iteration": 59, "loss_box_reg": 0.7571418583393097, "loss_cls": 0.972648411989212, "loss_rpn_cls": 0.08372877165675163, "loss_rpn_loc": 0.3024344891309738, "lr": 5.9940999999999994e-05, "roi_head/num_bg_samples": 99.9, "roi_head/num_fg_samples": 28.1, "rpn/num_neg_anchors": 167.39999999999998, "rpn/num_pos_anchors": 88.6, "time": 1.8509687084999769, "total_loss": 2.190478967502713}
{"data_time": 0.06910757149995561, "eta_seconds": 1671.361140179988, "fast_rcnn/cls_accuracy": 0.7757812500000001, "fast_rcnn/false_negative": 1.0, "fast_rcnn/fg_cls_accuracy": 0.0, "iteration": 79, "loss_box_reg": 0.797996461391449, "loss_cls": 0.83156618475914, "loss_rpn_cls": 0.05917715094983578, "loss_rpn_loc": 0.27434735000133514, "lr": 7.992100000000001e-05, "roi_head/num_bg_samples": 99.30000000000001, "roi_head/num_fg_samples": 28.700000000000003, "rpn/num_neg_anchors": 166.8, "rpn/num_pos_anchors": 89.19999999999999, "time": 1.8777720890000182, "total_loss": 2.016309902071953}
{"data_time": 0.08635119999996732, "eta_seconds": 1646.1373455000114, "fast_rcnn/cls_accuracy": 0.759375, "fast_rcnn/false_negative": 1.0, "fast_rcnn/fg_cls_accuracy": 0.0, "iteration": 99, "loss_box_reg": 0.8591995239257812, "loss_cls": 0.7885629236698151, "loss_rpn_cls": 0.0591373685747385, "loss_rpn_loc": 0.245932474732399, "lr": 9.9901e-05, "roi_head/num_bg_samples": 97.2, "roi_head/num_fg_samples": 30.8, "rpn/num_neg_anchors": 169.6, "rpn/num_pos_anchors": 86.4, "time": 1.9438845894999872, "total_loss": 1.968396969139576}
{"data_time": 0.08014916599995558, "eta_seconds": 1632.7842625599897, "fast_rcnn/cls_accuracy": 0.7765625, "fast_rcnn/false_negative": 0.9252203870706253, "fast_rcnn/fg_cls_accuracy": 0.07477961292937481, "iteration": 119, "loss_box_reg": 0.8190501928329468, "loss_cls": 0.7308242917060852, "loss_rpn_cls": 0.04423241317272186, "loss_rpn_loc": 0.20476195961236954, "lr": 0.000119881, "roi_head/num_bg_samples": 97.69999999999999, "roi_head/num_fg_samples": 30.299999999999997, "rpn/num_neg_anchors": 177.39999999999998, "rpn/num_pos_anchors": 78.6, "time": 1.934747371999947, "total_loss": 1.8159589134156704}
{"data_time": 0.06637384600003315, "eta_seconds": 1608.7354557799779, "fast_rcnn/cls_accuracy": 0.8101562499999999, "fast_rcnn/false_negative": 0.7107250369916833, "fast_rcnn/fg_cls_accuracy": 0.24158648416677958, "iteration": 139, "loss_box_reg": 0.8363598585128784, "loss_cls": 0.6306499540805817, "loss_rpn_cls": 0.03693263605237007, "loss_rpn_loc": 0.2605492174625397, "lr": 0.00013986100000000002, "roi_head/num_bg_samples": 96.4, "roi_head/num_fg_samples": 31.6, "rpn/num_neg_anchors": 159.8, "rpn/num_pos_anchors": 96.19999999999999, "time": 1.9422899275000418, "total_loss": 1.771445325575769}
{"data_time": 0.06592743899989273, "eta_seconds": 1569.8634394799933, "fast_rcnn/cls_accuracy": 0.83828125, "fast_rcnn/false_negative": 0.555152027027027, "fast_rcnn/fg_cls_accuracy": 0.3647902113865681, "iteration": 159, "loss_box_reg": 0.7893067002296448, "loss_cls": 0.5757922828197479, "loss_rpn_cls": 0.03898053430020809, "loss_rpn_loc": 0.231009379029274, "lr": 0.000159841, "roi_head/num_bg_samples": 96.2, "roi_head/num_fg_samples": 31.8, "rpn/num_neg_anchors": 162.89999999999998, "rpn/num_pos_anchors": 93.1, "time": 1.8616506219999565, "total_loss": 1.6293818010017276}
{"data_time": 0.07604352900000322, "eta_seconds": 1544.83718902997, "fast_rcnn/cls_accuracy": 0.8304687500000001, "fast_rcnn/false_negative": 0.4847222222222222, "fast_rcnn/fg_cls_accuracy": 0.384375, "iteration": 179, "loss_box_reg": 0.7333793640136719, "loss_cls": 0.5506308078765869, "loss_rpn_cls": 0.03046293742954731, "loss_rpn_loc": 0.22138046473264694, "lr": 0.00017982099999999998, "roi_head/num_bg_samples": 96.7, "roi_head/num_fg_samples": 31.3, "rpn/num_neg_anchors": 164.2, "rpn/num_pos_anchors": 91.80000000000001, "time": 1.928966475999914, "total_loss": 1.5442571961320937}
{"data_time": 0.06284336250007527, "eta_seconds": 1517.6765652000086, "fast_rcnn/cls_accuracy": 0.84453125, "fast_rcnn/false_negative": 0.45476973684210525, "fast_rcnn/fg_cls_accuracy": 0.4486842105263158, "iteration": 199, "loss_box_reg": 0.7193075120449066, "loss_cls": 0.5004218220710754, "loss_rpn_cls": 0.03219640254974365, "loss_rpn_loc": 0.24495762586593628, "lr": 0.00019980100000000002, "roi_head/num_bg_samples": 96.4, "roi_head/num_fg_samples": 31.6, "rpn/num_neg_anchors": 157.8, "rpn/num_pos_anchors": 98.2, "time": 1.9198782269999128, "total_loss": 1.508652602788061}
{"data_time": 0.0706407065000576, "eta_seconds": 1481.7871652999384, "fast_rcnn/cls_accuracy": 0.8609375, "fast_rcnn/false_negative": 0.4017857142857143, "fast_rcnn/fg_cls_accuracy": 0.5125, "iteration": 219, "loss_box_reg": 0.6933421194553375, "loss_cls": 0.4564676135778427, "loss_rpn_cls": 0.02636688482016325, "loss_rpn_loc": 0.21257022768259048, "lr": 0.000219781, "roi_head/num_bg_samples": 96.0, "roi_head/num_fg_samples": 32.0, "rpn/num_neg_anchors": 167.7, "rpn/num_pos_anchors": 88.3, "time": 1.9494279560000223, "total_loss": 1.3646162366494536}
{"data_time": 0.06895691049987818, "eta_seconds": 1442.5655353400339, "fast_rcnn/cls_accuracy": 0.88671875, "fast_rcnn/false_negative": 0.3125, "fast_rcnn/fg_cls_accuracy": 0.5980562448304383, "iteration": 239, "loss_box_reg": 0.6352788507938385, "loss_cls": 0.40117789804935455, "loss_rpn_cls": 0.027234473265707493, "loss_rpn_loc": 0.1977490708231926, "lr": 0.000239761, "roi_head/num_bg_samples": 96.0, "roi_head/num_fg_samples": 32.0, "rpn/num_neg_anchors": 170.9, "rpn/num_pos_anchors": 85.1, "time": 1.86674599950004, "total_loss": 1.3001133278012276}
{"data_time": 0.0848559139998315, "eta_seconds": 1407.4831642400522, "fast_rcnn/cls_accuracy": 0.87265625, "fast_rcnn/false_negative": 0.2690789473684211, "fast_rcnn/fg_cls_accuracy": 0.5526315789473685, "iteration": 259, "loss_box_reg": 0.5829222798347473, "loss_cls": 0.4170721769332886, "loss_rpn_cls": 0.028701755218207836, "loss_rpn_loc": 0.18874454498291016, "lr": 0.000259741, "roi_head/num_bg_samples": 96.2, "roi_head/num_fg_samples": 31.8, "rpn/num_neg_anchors": 166.7, "rpn/num_pos_anchors": 89.30000000000001, "time": 1.9849571935000085, "total_loss": 1.243122834712267}
{"data_time": 0.06589514749987302, "eta_seconds": 1368.7337764799759, "fast_rcnn/cls_accuracy": 0.88828125, "fast_rcnn/false_negative": 0.2194575471698113, "fast_rcnn/fg_cls_accuracy": 0.6434253246753247, "iteration": 279, "loss_box_reg": 0.5398249328136444, "loss_cls": 0.37490612268447876, "loss_rpn_cls": 0.031788057647645473, "loss_rpn_loc": 0.1986863613128662, "lr": 0.0002797210000000001, "roi_head/num_bg_samples": 96.7, "roi_head/num_fg_samples": 31.3, "rpn/num_neg_anchors": 166.4, "rpn/num_pos_anchors": 89.6,